Close,Volume,PD,Tag1,Tag2,Tag3
150.163,822766.006,0.4206564901451938,1.3349999999999995,0.026499999999998636,0.0175000000000054
150.432,771422.9822,1.3280107010864708,-0.017799999999994043,-0.07999999999998408,-0.0566666666666625
154.642,773124.9928,-0.6646787390963833,1.7903399999999998,-0.022428571428568893,-0.19549999999999557
154.602,480675.9953,-0.9054765873846395,-2.2857142857251995e-4,0.07387500000000102,0
154.812,680501.9975,0.21126705685101482,1.0443725490196079,0.04416666666666439,0.09000000000000341
157.152,893554.9855,0.49045296790975484,-0.006000000000005912,-0.15500000000000114,0.27000000000001023
157.263,637805.9983,-0.0644290303196707,0.22577777777777897,0.12999999999999545,5.379200000000009
157.272,652514.9941,0.10657234020382615,1.0443725490196079,-0.00332000000000221,6.090142857142853
156.333,675518.9896,0.49394279179810685,1.3349999999999995,1.7903399999999998,1.5247000000000015
156.333,675518.9896,0.49394279179810685,-0.0466315789473652,-0.07709999999999298,0.06750000000000256
156.482,858165.0257,2.127180371492604,1.3349999999999995,1.7894545454545452,-3.3333333333492493e-4
154.282,761389.9708,0.24616529573334495,1.0443725490196079,0.08027272727272816,0.07300000000000119
152.903,756097.0187,-0.24241004861977244,1.7903399999999998,-0.07831578947368867,0.026499999999998636
151.962,636645.0191,-0.20751180973744232,2.3662222222222247,-0.08799999999999955,2.5701666666666654
156.833,360000.0143,0.0053674474449895105,1.7903399999999998,0.0684285714285774,0.02724999999999511
157.313,300018.996,-0.6925973302023068,1.7903399999999998,-0.04599999999999227,-0.0689999999999884
154.893,250220.0007,-0.17261357085501305,0.1262499999999953,0.04416666666666439,-0.022428571428568893
155.112,338007.0031,0.5253512067921842,1.7903399999999998,2.3662222222222247,-0.017799999999994043
155.632,156775.9961,-0.49018754468453435,-0.0466315789473652,1.7903399999999998,1.8219333333333338
155.803,256682.0085,0.04026568632731961,-0.0466315789473652,-0.08840000000000714,2.91963636363636
155.892,187289.9979,-0.4552893058022043,1.3349999999999995,1.5247000000000015,-3.3333333333492493e-4
156.173,397796.9885,0.6335357473275265,3.538451612903222,-0.07831578947368867,-0.04927272727273
156.922,381660.9979,0.6614543384333509,-0.04927272727273,0.04416666666666439,-0.07709999999999298
156.532,232444.0032,-0.3471047652668619,1.3349999999999995,-0.08840000000000714,0.1262499999999953
156.733,227250.9933,-0.3436149413786091,-0.05366666666665765,-0.16733333333331757,0
156.562,200549.0065,0.1379807551980026,1.3349999999999995,6.090142857142853,-0.08840000000000714
156.532,200815.0071,0.17636881796858553,1.3349999999999995,0.1262499999999953,1.045848484848485
156.183,271751.9999,-0.06791885420802274,0.12219999999999231,0.09000000000000341,0.33899999999999864
156.033,274677.9919,-0.4832078969081279,1.3349999999999995,-2.2857142857251995e-4,-0.054555555555560256
156.063,111433.9978,-0.2773082875022017,1.3349999999999995,0.15725000000001188,-3.3333333333492493e-4
154.553,345077.008,-0.20402198584918949,1.3349999999999995,-0.0902499999999975,-0.19549999999999557
154.553,345077.008,-0.20402198584918949,1.0443725490196079,1.3349999999999995,6.090142857142853
154.313,343246.0129,-0.4866977207963807,0.0533333333333322,-2.2857142857251995e-4,0.07300000000000119
154.392,503912.9853,-0.24589987250802528,1.3349999999999995,-0.08840000000000714,0.03499999999999659
161.993,356265.0084,0.8778234195040355,-0.00332000000000221,0.1262499999999953,-0.07499999999999811
160.732,302846.998,0.8394353567334526,0.1262499999999953,-0.07499999999999811,-0.011375000000001023
160.623,424551.0101,-0.30871670249627897,1.7903399999999998,0.09449999999999648,-2.2857142857251995e-4
162.323,398575.9914,0.0053674474449895105,8.755799999999994,-0.06760000000000067,0
162.793,359692.9908,0.21126705685091565,1.3349999999999995,-0.0466315789473652,-0.08840000000000714
162.172,213369.9954,-0.6262906763258003,-0.00332000000000221,0.09449999999999648,-2.2857142857251995e-4
162.212,189440.9955,-0.4517994819139514,1.7903399999999998,1.5247000000000015,-3.3333333333492493e-4
162.862,148110.0023,-0.35059458915511477,1.5247000000000015,0.020999999999986585,0.12899999999999068
163.322,233186.0065,-1.5336448872671764,-0.00332000000000221,0.09449999999999648,-0.0769999999999887
167.473,317402.0052,-1.0066814801434762,1.5247000000000015,-0.029428571428573896,0.06987500000000324
168.473,408111.9895,-0.382003004149192,0.060000000000002274,1.045848484848485,1.406642857142858
166.173,141678.0055,-0.37851318026093916,-3.3333333333492493e-4,0.06987500000000324,0
166.192,352771.014,0.0018776235568358495,-0.00332000000000221,4.199142857142855,0.01516666666666803
169.623,414373.9939,-1.3207656300847446,1.7903399999999998,-0.006909090909087726,0
172.522,348111.9871,-4.569791670032672,-0.0466315789473652,0.09899999999998954,-0.06760000000000067
174.402,268797.9937,0.3124719496097523,1.7903399999999998,-0.03666666666667121,0.07677777777777489
174.402,268797.9937,0.3124719496097523,1.3349999999999995,-0.08840000000000714,0.0800000000000125
174.462,356920.0039,0.21126705685091565,1.3349999999999995,0.025083333333337048,-0.10857142857143133
171.443,191282.0041,-1.1462744356728958,1.3349999999999995,-0.017799999999994043,-0.07999999999998408
170.982,370148.0031,-0.7309853929727906,0.15725000000001188,1.5247000000000015,0.060000000000002274
171.072,519953.0125,-0.13771533197268293,1.3349999999999995,6.090142857142853,-0.04927272727273
170.642,417511.9996,0.1030825163155733,-0.04927272727273,-0.03666666666667121,0.0504285714285686
170.013,662946.9991,0.17636881796858553,1.7903399999999998,-2.2857142857251995e-4,-0.19549999999999557
170.292,1037878.9902,-0.6646787390963833,6.090142857142853,0.036999999999999034,-0.04366666666666674
169.513,1065816.9985,-0.09932726920209999,-0.19549999999999557,1.9836363636363605,-0.022250000000006764
170.133,631120.0261,0.24616529573334495,2.3662222222222247,-3.3333333333492493e-4,-0.0769999999999887
169.972,405874.0139,0.10308251631567249,-0.009600000000000363,4.199142857142855,-0.061599999999998545
170.943,398380.0113,0.07516392520974889,-0.017799999999994043,-0.07999999999998408,-0.0011999999999943612
170.962,395047.9925,-0.24589987250802528,1.3349999999999995,0.03499999999999659,3.8058571428571377
170.853,338589.9961,-0.0644290303196707,0.15725000000001188,0.2133333333333288,0.0570000000000069
170.782,76295.0033,-0.24241004861977244,1.3349999999999995,6.090142857142853,-0.04599999999999227
170.712,275332.9873,0.1379807551979034,0.0175000000000054,-0.006909090909087726,0.11400000000000432
170.712,275332.9873,0.1379807551979034,2.3662222222222247,0,0
170.903,159440.9943,0.0751639252096497,6.090142857142853,0.4065555555555578,0.036999999999999034
170.903,159440.9943,0.0751639252096497,1.0443725490196079,1.3349999999999995,-0.0466315789473652
170.913,323873.9967,0.1449604029745083,1.3349999999999995,6.090142857142853,-0.08840000000000714
170.123,492763.9961,0.319451597386258,0.01516666666666803,0.036999999999999034,0.07387500000000102
170.622,153207.0041,-0.9089664112727932,6.090142857142853,-0.07499999999999811,0.11422222222222128
170.542,279754.0128,0.909231834498212,1.3349999999999995,1.7903399999999998,1.7894545454545452
170.542,279754.0128,0.909231834498212,0.0175000000000054,0.03600000000000705,-0.19549999999999557
170.502,145719.0067,0.38575825126276453,1.3349999999999995,-0.0466315789473652,-0.0693333333333328
170.183,172121.0033,-0.1691237469668594,-0.0466315789473652,0.13166666666666535,0
171.732,224397.0037,-1.6732378427965962,-0.0466315789473652,2.91963636363636,3.8058571428571377
171.072,479624.9866,-0.9438646501552225,-0.0466315789473652,-0.00332000000000221,-0.07831578947368867
171.133,338663.0118,-0.4134114191432693,0.0870000000000104,0,0.03100000000000591
172.133,587430.0003,-0.2040219858490903,6.090142857142853,0,0.11422222222222128
172.293,484557.0028,0.21126705685091565,1.0443725490196079,1.7903399999999998,1.5247000000000015
172.073,892553.9851,-0.17261357085501305,2.3740000000000006,0,-4.999999999881766e-4
172.332,885991.9906,-0.3471047652668619,0.026499999999998636,0.22577777777777897,0.00842857142856904
174.203,449440.0024,0.2147568807391685,-0.0466315789473652,-0.00332000000000221,-0.009600000000000363
173.703,1123970.0317,-0.8356801096198802,1.3349999999999995,1.7903399999999998,1.7894545454545452
174.183,986072.0038,-1.146274435672995,1.3349999999999995,6.090142857142853,-0.07499999999999811
173.952,464709.9972,-0.17261357085501305,0.03499999999999659,-0.1799999999999926,0.03000000000000682
174.253,524079.9785,0.14147057908615626,-0.00332000000000221,1.7903399999999998,-0.009600000000000363
174.392,170173.0043,-0.382003004149192,0.09000000000000341,0,0.09899999999998954
176.472,589592.9933,-0.3854928280374449,1.3349999999999995,-0.0466315789473652,-0.08840000000000714
175.762,730978.0121,2.0224856548455143,-0.0769999999999887,-0.0011999999999943612,0.040250000000007446
174.752,233180.0014,1.952689177080854,1.3349999999999995,-0.0466315789473652,-0.00332000000000221
175.032,437097.013,0.17636881796858553,1.7903399999999998,2.4287142857142903,-0.022428571428568893
174.942,350739.0022,0.7347406400863631,-0.07499999999999811,0.03999999999999204,0.10400000000000935
175.002,337262.9881,-0.24241004861977244,-0.017799999999994043,0.07300000000000119,0.11450000000000671
174.592,335613.9958,-0.3156963502726855,1.7903399999999998,2.3662222222222247,0.026499999999998636
173.852,260111.9876,0.4171666662568418,1.3349999999999995,-0.0466315789473652,-2.2857142857251995e-4
171.393,233832.0017,0.281063534615675,0.1262499999999953,0.04416666666666439,-0.07999999999998408
178.602,265035.0034,-0.001612200331416998,-0.07709999999999298,-0.022428571428568893,-0.07749999999999346
178.792,156087.9946,0.42065649014509465,0.0800000000000125,1.045848484848485,0.08500000000000796
178.812,454542.011,-0.6995769779786142,0.06987500000000324,2.453526315789476,-0.3189999999999884
181.892,368734.0021,-0.42039106691977496,1.3349999999999995,0.07387500000000102,1.045848484848485
182.342,357800.9903,-1.045069542914059,-0.058200000000005046,0.21999999999999886,0
181.782,295336.0081,-0.3156963502726855,1.3349999999999995,1.7903399999999998,1.7894545454545452
182.583,288141.0122,0.0018776235567366628,1.3349999999999995,-0.0466315789473652,-0.08840000000000714
183.433,171586.0069,1.226805808327634,0.026499999999998636,0.12219999999999231,4.279099999999997
183.892,207773,0.2775737107274222,1.3349999999999995,-0.0466315789473652,2.3662222222222247
183.892,207773,0.2775737107274222,0.15725000000001188,0.06750000000000256,0.015000000000000568
183.892,207773,0.2775737107274222,-0.04927272727273,0.03000000000000682,0
186.293,308717.0124,-0.20402198584918949,2.3662222222222247,0.08027272727272816,2.5701666666666654
187.093,211117.9978,-0.3820030041492912,-0.10699999999999932,-0.14499999999999602,0
187.093,211117.9978,-0.3820030041492912,0.07300000000000119,-0.03999999999999204,0.14557142857143748
187.033,253583.014,0.2845533585038287,-0.07709999999999298,-3.3333333333492493e-4,0
186.222,61725.0018,-1.5685431261495066,2.3740000000000006,0.025083333333337048,0.01400000000000432
188.392,243181.0051,0.8010472939628697,-0.03666666666667121,2.4287142857142903,0.03499999999999659
188.002,227614.9988,0.42065649014509465,1.3349999999999995,6.090142857142853,-0.07499999999999811
187.882,180005.9974,-0.1761033947432659,-0.0466315789473652,-0.07383333333334008,0.08500000000000796
187.853,131475.0016,-0.2040219858490903,1.0443725490196079,-0.08840000000000714,0.060000000000002274
187.782,130906.9991,0.0018776235568358495,-0.07530434782608693,0.07677777777777489,0.05500000000000208
187.623,222344.9945,0.31596177349800514,1.5247000000000015,2.4287142857142903,0.0533333333333322
187.623,222344.9945,0.31596177349800514,-0.0466315789473652,0.060000000000002274,0.001666666666660414
186.443,73462.002,2.622735363622227,1.0443725490196079,1.3349999999999995,0.060000000000002274
185.792,233127.9963,-0.9054765873846395,1.3349999999999995,0.060000000000002274,0
187.212,166056.0071,0.7696388789686932,3.538451612903222,-0.011375000000001023,-0.07709999999999298
186.495,135204.0023,-0.6542092674316247,-0.00332000000000221,-0.022799999999989495,2.4501666666666666
187.132,94200.0002,1.1500296827864682,1.7903399999999998,0.05500000000000208,0.022500000000007958
186.993,109673.0009,-0.03302061532559344,2.3740000000000006,0,0.08999999999997499
188.503,233713.001,1.5059917193864734,-0.05237499999999784,-0.07414285714284981,0.010000000000019327
190.552,362836.0033,-0.9752730651493989,0.020000000000010232,0.045999999999986586,0.19999999999998863
192.943,217204.0045,-1.9873219927377654,6.090142857142853,3.0572000000000004,0.020000000000010232
194.882,98741.0024,-0.17261357085501305,2.91963636363636,-0.0011999999999943612,-0.25099999999997635
194.882,98741.0024,-0.17261357085501305,6.090142857142853,3.0572000000000004,0.020000000000010232
195.682,172314.0031,0.21126705685091565,1.3349999999999995,1.5247000000000015,-2.2857142857251995e-4
192.662,236292.0046,-0.4552893058021051,1.3349999999999995,6.090142857142853,0.0175000000000054
193.642,284256.0112,1.3629089399689,1.3349999999999995,1.5247000000000015,-3.3333333333492493e-4
192.092,319929.0037,1.3629089399689,1.3349999999999995,2.071875000000002,2.4501666666666666
190.773,207334.9953,-1.6348497800260131,-0.009600000000000363,-0.05237499999999784,-0.07414285714284981
187.922,295801.0137,1.1221110916805446,-0.00332000000000221,0.08999999999997499,-0.10857142857143133
189.543,209344.998,0.5637392695627671,3.538451612903222,0.026499999999998636,4.199142857142855
189.543,209344.998,0.5637392695627671,3.538451612903222,-0.011375000000001023,4.199142857142855
190.092,235946.998,-1.010171304031729,1.3349999999999995,1.7903399999999998,1.7894545454545452
190.613,245546.9966,1.7851776304454117,1.3349999999999995,1.5247000000000015,0.04416666666666439
190.472,214922.9944,1.289622638315987,-0.05237499999999784,-0.07414285714284981,0.010000000000019327
189.672,179916.9928,2.1306701953808567,0.097750000000012,-0.37050000000000693,0
189.442,195718.0053,1.607196612145409,1.7903399999999998,-0.07414285714284981,0.8125238095238096
188.972,160429.9992,-1.7744427355554326,-0.05237499999999784,2.0699375000000053,-0.07414285714284981
188.583,160721.004,1.2233159844393813,1.3349999999999995,2.4287142857142903,0.020000000000010232
188.342,334856.987,-0.7309853929727906,-0.0769999999999887,0,0.09014285714285718
188.343,223708.0038,0.6998424012039338,0.0800000000000125,0.022999999999996135,-0.08199999999998794
188.242,216130.0033,0.6265560995510208,2.3662222222222247,0.040250000000007446,0.00842857142856904
188.242,216130.0033,0.6265560995510208,-0.07831578947368867,0.01516666666666803,0.01449999999998397
188.242,216130.0033,0.6265560995510208,-0.022428571428568893,0.0684285714285774,-0.10366666666666902
188.242,216130.0033,0.6265560995510208,-0.0466315789473652,-0.017799999999994043,0.11450000000000671
188.143,218538.9996,1.209356688886469,1.3349999999999995,1.7894545454545452,0.0684285714285774
187.823,213302.0014,-0.41690124303152215,1.3349999999999995,1.7894545454545452,0.0684285714285774
187.823,213302.0014,-0.41690124303152215,0.0533333333333322,-2.2857142857251995e-4,-0.08360000000000127
187.989,234072.9982,0.3054923018333458,-0.058200000000005046,0,0.07300000000000119
187.989,234072.9982,0.3054923018333458,0.15725000000001188,-0.19549999999999557,-0.015000000000000568
187.989,234072.9982,0.3054923018333458,-0.022428571428568893,0.097750000000012,-0.022250000000006764
187.989,234072.9982,0.3054923018333458,-0.07499999999999811,-0.08799999999999955,0.03999999999999204
187.989,234072.9982,0.3054923018333458,1.7903399999999998,-0.19549999999999557,0.022500000000007958
187.93,135116.9944,-0.7309853929727906,1.3349999999999995,0.020000000000010232,-0.006909090909087726
187.733,163266.0031,1.5374001343807489,0.026499999999998636,0,2.453526315789476
187.733,163266.0031,1.5374001343807489,1.3349999999999995,-0.08840000000000714,0.0684285714285774
187.672,191410.0051,1.3629089399689,-0.00332000000000221,0.1262499999999953,-0.07499999999999811
187.672,191410.0051,1.3629089399689,0.1262499999999953,0.04416666666666439,0.06987500000000324
187.853,235163.0032,-0.1970423380726838,1.3349999999999995,-3.3333333333492493e-4,0.060000000000002274
187.853,235163.0032,-0.1970423380726838,1.3349999999999995,1.5247000000000015,0.11422222222222128
187.853,235163.0032,-0.1970423380726838,-0.0466315789473652,0,0
187.813,266328.007,0.0018776235567366628,-0.0466315789473652,0,0
187.813,266328.007,0.0018776235567366628,-0.0466315789473652,0.010000000000005116,0.19142857142857597
191.303,190928.9956,0.8045371178511225,0.026499999999998636,0.06987500000000324,0.06750000000000256
192.271,336656.9877,-1.7046462577907724,0.026499999999998636,0.06987500000000324,0.06750000000000256
192.271,336656.9877,-1.7046462577907724,4.199142857142855,0.08027272727272816,0.09142857142857354
192.271,336656.9877,-1.7046462577907724,-0.0466315789473652,-0.07530434782608693,-0.018692307692307307
191.853,231701.9999,1.153519506674721,1.7903399999999998,0.04416666666666439,3.0572000000000004
191.202,192553.997,-0.23543040084326675,1.0443725490196079,0.026499999999998636,0.06987500000000324
191.012,223583.9963,-0.06791885420792355,6.090142857142853,0.020000000000010232,0.14050000000000296
190.581,167713.9997,-0.24589987250802528,0.026499999999998636,0.06750000000000256,4.279099999999997
189.852,147400.0067,0.2775737107274222,-0.0466315789473652,-0.0769999999999887,0.07300000000000119
188.219,211795.0022,2.5703880052985335,1.0443725490196079,0.026499999999998636,0.06987500000000324
188.219,211795.0022,2.5703880052985335,-0.0466315789473652,-0.07530434782608693,-0.018692307692307307
188.219,211795.0022,2.5703880052985335,1.3349999999999995,0.12219999999999231,-0.07383333333334008
187.305,207392.0071,-0.6088415568845361,6.090142857142853,0.11422222222222128,0.08899999999999864
188.403,303036.9878,-0.40643177136686276,0.0504285714285686,0.10400000000000935,-0.04699999999998757
187.882,258513.0036,0.4590445529156776,-0.07709999999999298,4.199142857142855,-0.005249999999996646
189.269,243147.999,2.1865073775926045,-0.07709999999999298,4.199142857142855,-0.005249999999996646
188.363,225948.0059,0.31596177349800514,0.0684285714285774,0.3204000000000008,-0.4790000000000134
187.833,83121.0017,0.2950228301685872,-0.00332000000000221,1.5247000000000015,-0.05237499999999784
189.002,178864.0022,0.6265560995511199,-0.00332000000000221,1.5247000000000015,0
188.793,175292.0002,-0.3436149413786091,-0.00332000000000221,1.5247000000000015,-0.05237499999999784
190.162,207276.0016,0.0018776235568358495,-0.00332000000000221,1.5247000000000015,-0.05237499999999784
190.823,139702.0072,0.738230463974616,1.0443725490196079,-0.00332000000000221,1.5247000000000015
193.092,131770.9982,-0.23892022473151958,-0.07709999999999298,4.199142857142855,-0.005249999999996646
196.243,68109.9966,-0.5844127896669645,1.7903399999999998,-0.04563636363635934,0.0684285714285774
194.882,205549.0017,0.45206490513927106,-0.00332000000000221,-2.2857142857251995e-4,0.0175000000000054
195.01,138773.9927,-0.8426597573963858,1.5247000000000015,-0.017799999999994043,-0.006909090909087726
195.192,110437.9967,-2.2350994888026263,1.3349999999999995,1.7894545454545452,-0.009600000000000363
195.862,253244.9961,-0.4169012430316213,0.0800000000000125,0.0800000000000125,0.01516666666666803
195.592,216646.0007,0.24267547184509208,1.3349999999999995,0.2133333333333288,1.045848484848485
195.512,182756.0067,-0.1063069169785065,-0.058200000000005046,1.5247000000000015,0.060000000000002274
196.722,150534.004,-0.07140867809617639,1.5247000000000015,-3.3333333333492493e-4,-0.05237499999999784
196.693,136334.002,-0.0644290303196707,1.3349999999999995,-0.0693333333333328,0.01516666666666803
196.693,136334.002,-0.0644290303196707,1.0443725490196079,-0.058200000000005046,0.04416666666666439
197.072,206652.0005,0.4869631440216012,-0.058200000000005046,0.04416666666666439,0.0596666666666863
197.572,118289.9997,-0.0644290303196707,1.0443725490196079,-0.058200000000005046,0.04416666666666439
200.732,303952.992,-1.5650533022612536,-0.058200000000005046,0.04416666666666439,0.0596666666666863
199.388,223995.9985,-0.43435036247268716,0.09999999999999432,0,0.04485714285714185
199.503,103344.9993,-0.02953079143743978,0.03000000000000682,0,0.8125238095238096
200.582,115181.9974,0.5742087412275256,-0.37999999999999545,-0.08099999999998886,-0.05000000000001137
200.232,126836.0019,0.5393105023450964,-0.37999999999999545,-0.08099999999998886,-0.05000000000001137
200.203,137641.9961,-0.31220652638443264,-0.0466315789473652,-0.049000000000006594,0.09014285714285718
198.902,205620.0057,0.10657234020382615,1.5247000000000015,-2.2857142857251995e-4,2.0699375000000053
198.902,205620.0057,0.10657234020382615,-0.0466315789473652,-0.07831578947368867,-0.11100000000000579
198.612,208766.9969,1.0837230289099617,-0.0466315789473652,-0.07831578947368867,-0.11100000000000579
198.562,496894.9854,-0.0365104392137471,0.12139999999999418,-0.37999999999999545,-0.09499999999998465
198.913,388610.9889,-0.4517994819138522,0.1262499999999953,-0.07499999999999811,0.04416666666666439
199.112,487102.9854,-0.06791885420802274,3.538451612903222,-0.011375000000001023,-0.07709999999999298
200.513,326085.0012,0.42065649014509465,-2.2857142857251995e-4,-0.05000000000001137,-0.030000000000015348
199.943,308046.9966,0.0018776235568358495,1.0443725490196079,-0.37999999999999545,-0.08099999999998886
199.982,937461.9722,0.38575825126276453,0.060000000000002274,0,-0.007999999999995566
199.982,937461.9722,0.38575825126276453,0.12219999999999231,0.097750000000012,0.024500000000003297
199.563,668398.0227,1.153519506674622,1.3349999999999995,-0.0466315789473652,-0.00332000000000221
199.563,668398.0227,1.153519506674622,2.3662222222222247,2.5701666666666654,0.12219999999999231
198.823,557965.9939,-4.252217696203151,0.060000000000002274,3.8058571428571377,-0.07779999999999632
198.823,557965.9939,-4.252217696203151,0.09000000000000341,0.01400000000000432,-0.006909090909087726
201.362,870056.9868,0.9406402494922893,1.3349999999999995,-0.011375000000001023,-0.04563636363635934
201.362,870056.9868,0.9406402494922893,1.0443725490196079,-0.0466315789473652,-0.0769999999999887
201.932,489149.9877,-0.3156963502727847,1.3349999999999995,-0.009600000000000363,0.12219999999999231
201.873,667948.0076,0.1798586418567392,1.3349999999999995,2.91963636363636,0
202.512,502813.9949,-0.24241004861977244,1.7903399999999998,1.8219333333333338,4.199142857142855
202.812,515384.0184,-0.8705783485022102,2.3662222222222247,3.0572000000000004,0.02724999999999511
202.372,582543.0155,-0.1761033947432659,1.3349999999999995,-0.022428571428568893,1.045848484848485
202.992,562354.9819,-0.21100163362569518,1.7903399999999998,1.8219333333333338,-0.4790000000000134
202.992,562354.9819,-0.21100163362569518,1.3349999999999995,-0.009600000000000363,0.020000000000010232
203.082,676014.0061,0.6649441623216037,-0.017799999999994043,-0.0769999999999887,0.08999999999997499
203.243,303665.0121,-0.27381846361394885,0.026499999999998636,-0.07709999999999298,-0.061599999999998545
203.243,303665.0121,-0.27381846361394885,-0.058200000000005046,0,-0.14324999999999477
204.493,683391.9883,-0.13771533197268293,1.3349999999999995,-0.00332000000000221,-0.08840000000000714
206.993,303234.0109,0.10657234020382615,-0.00332000000000221,-0.04599999999999227,0.060000000000002274
207.383,414027.0054,0.2845533585039279,-0.00332000000000221,0.060000000000002274,0.0175000000000054
207.013,472259.9983,-0.2738184636138497,1.3349999999999995,-0.08840000000000714,-0.12399999999999523
206.772,705582.0227,-0.839169933508133,-0.009600000000000363,2.3662222222222247,1.5247000000000015
205.553,703759.0146,0.35086001238033526,-0.00332000000000221,0.0533333333333322,-2.2857142857251995e-4
206.502,504199.9817,0.207777232962762,-0.00332000000000221,0.0533333333333322,-2.2857142857251995e-4
203.232,895595.0141,-1.2928470389788211,-0.05237499999999784,-0.08199999999998794,-0.197499999999998
204.352,331707.0007,-0.03651043921384629,0.06987500000000324,-0.09166666666666856,0.22577777777777897
204.352,331707.0007,-0.03651043921384629,1.0443725490196079,0.06987500000000324,-0.09166666666666856
204.643,361209.9886,-1.7744427355554326,1.3349999999999995,0.04416666666666439,-0.09166666666666856
204.972,547940.0158,-0.8705783485022102,0.06987500000000324,-0.09166666666666856,0.22577777777777897
202.732,281349.0033,-1.43243999450834,1.0443725490196079,0.06987500000000324,-0.09166666666666856
199.922,424910.9924,-0.07140867809617639,-0.0466315789473652,-0.0769999999999887,0.09014285714285718
210.083,915641.0098,-1.1846624984435778,-0.07831578947368867,1.5247000000000015,4.199142857142855
211.202,601951.0031,-1.1846624984435778,1.3349999999999995,-0.07749999999999346,1.045848484848485
211.202,601951.0031,-1.1846624984435778,-0.022428571428568893,0.06750000000000256,0.03999999999999204
211.202,601951.0031,-1.1846624984435778,1.5247000000000015,0.0800000000000125,-0.12399999999999523
213.143,296882.987,-0.80078187073755,3.538451612903222,4.199142857142855,-0.026200000000000046
214.302,368838.9957,-1.0450695429141583,0.04416666666666439,-0.09166666666666856,-0.15649999999999883
214.302,368838.9957,-1.0450695429141583,1.7903399999999998,2.3662222222222247,0.03999999999999204
214.902,241101.9951,0.28106353461557587,0.04416666666666439,-0.010166666666663104,-0.09166666666666856
214.902,241101.9951,0.28106353461557587,1.5247000000000015,-0.022428571428568893,-0.12399999999999523
214.112,288210.0046,0.10657234020382615,0.04416666666666439,0,0.0800000000000125
214.093,282875.0014,-0.2773082875022017,1.0443725490196079,0.04416666666666439,0
214.263,486519.9924,-0.382003004149192,-0.026200000000000046,3.8058571428571377,-0.05366666666665765
214.752,266422.0035,0.9057420106099592,3.538451612903222,4.199142857142855,2.91963636363636
214.412,375638.9916,1.533910310492496,3.538451612903222,-0.04927272727273,-0.07709999999999298
210.762,249210.9984,-0.24589987250802528,2.071875000000002,2.4501666666666666,2.4287142857142903
211.002,204833.9993,-0.31220652638443264,1.0443725490196079,-0.058200000000005046,-0.018692307692307307
204.462,74318.9976,-3.2820466552735215,2.5701666666666654,0.14933333333332635,-0.054555555555560256
207.463,81869.9971,0.10657234020382615,-0.07831578947368867,0.09014285714285718,0.1146000000000015
203.642,188853.994,0.04026568632731961,-0.054555555555560256,-0.0700000000000216,-0.045000000000001705
186.812,2335733.8905,-0.7868225751845386,-0.07530434782608693,1.5247000000000015,0.027499999999997728
186.812,2335733.8905,-0.7868225751845386,3.538451612903222,-0.07530434782608693,1.5247000000000015
187.963,1994120.0018,2.4901220558691146,3.538451612903222,-0.04927272727273,-0.07709999999999298
187.513,2102129.9362,0.9790283122628722,3.538451612903222,4.199142857142855,2.91963636363636
186.407,1619400.0244,-0.11677638864326505,-0.07831578947368867,-2.2857142857251995e-4,-0.054555555555560256
185.739,1544219.9707,-0.03651043921384629,1.3349999999999995,1.7894545454545452,0.07677777777777489
185.572,1995800.0183,0.5567596217863605,-0.07831578947368867,-0.009749999999996817,0.004857142857133567
187.072,2035734.8919,0.38226842737451167,-0.07831578947368867,-0.009749999999996817,0.004857142857133567
182.752,770123.00490000006,-0.1063069169785065,3.538451612903222,-0.07831578947368867,4.199142857142855
187.882,498095.0058,-0.10281709309025365,-0.0466315789473652,0.13166666666666535,-0.022799999999989495
185.073,488712.9962,-0.9752730651492997,-0.07530434782608693,1.5247000000000015,0.027499999999997728
184.792,704110.98,0.3124719496097523,1.0443725490196079,-0.0466315789473652,0.13166666666666535
184.312,652889.0133,1.607196612145409,3.538451612903222,-0.04927272727273,-0.07709999999999298
179.893,555007.9942,-0.31220652638453184,1.3349999999999995,-0.07530434782608693,-0.08840000000000714
178.872,490287.9894,0.4206564901451938,3.538451612903222,-0.07530434782608693,1.5247000000000015
177.61,272316.9923,-0.07489850198442924,3.538451612903222,-0.07530434782608693,1.5247000000000015
177.382,203463.003,-1.7430343205613554,-0.058200000000005046,0.13166666666666535,-0.022799999999989495
175.443,341820.0016,-0.4134114191432693,-0.017799999999994043,0.04416666666666439,-0.09166666666666856
176.693,254922.986,1.0941925005747202,3.538451612903222,-0.07831578947368867,-0.07530434782608693
176.693,254922.986,1.0941925005747202,1.0443725490196079,-0.058200000000005046,0.13166666666666535
177.269,271802.9916,-0.1481848036373423,-0.0466315789473652,0.1262499999999953,-0.07499999999999811
171.702,259472.996,-0.4552893058022043,1.0443725490196079,-0.0466315789473652,0.1262499999999953
171.702,259472.996,-0.4552893058022043,1.3349999999999995,1.5247000000000015,0.060000000000002274
171.702,259472.996,-0.4552893058022043,1.3349999999999995,-2.2857142857251995e-4,1.045848484848485
175.962,423433.9893,-1.0974169012376533,-0.0466315789473652,-0.00332000000000221,0.1262499999999953
178.033,422273.01,-0.30871670249627897,1.0443725490196079,-0.0466315789473652,-0.00332000000000221
183.812,468490.0045,-0.10281709309025365,-0.07499999999999811,-0.058200000000005046,-0.12399999999999523
183.152,285840.0047,-0.5564941985610409,-0.04927272727273,-0.07499999999999811,-0.058200000000005046
195.013,120976.001,-0.6960871540904605,-0.017799999999994043,0.04416666666666439,-0.09166666666666856
195.013,120976.001,-0.6960871540904605,1.3349999999999995,-2.2857142857251995e-4,1.045848484848485
195.832,238354.9958,0.17636881796858553,1.3349999999999995,0.12219999999999231,0
194.613,153575.0031,0.5637392695627671,-0.04927272727273,-0.07499999999999811,-0.058200000000005046
194.582,76058.9987,-0.6960871540904605,1.3349999999999995,-0.0693333333333328,0.01516666666666803
194.272,106714.0028,-0.17261357085511222,0.04416666666666439,0.11422222222222128,0
199.513,78630.9987,2.1341600192691095,-0.0466315789473652,3.538451612903222,4.199142857142855
198.483,294914.9907,0.5253512067921842,-0.0466315789473652,3.538451612903222,-0.04927272727273
198.832,222077.9955,-0.10630691697860568,1.0443725490196079,0.01516666666666803,0.0596666666666863
199.092,444884.0022,-0.24589987250792608,1.3349999999999995,1.7894545454545452,-0.04927272727273
198.752,259474.9928,-0.6995769779787133,0.04416666666666439,0.11422222222222128,0
199.532,232426.0026,0.4206564901451938,-0.0466315789473652,-0.04927272727273,-0.058200000000005046
199.302,299039.0062,0.03677586243906677,-0.0466315789473652,-0.058200000000005046,-0.16525000000000745
199.952,191376.999,-0.07140867809617639,3.538451612903222,4.199142857142855,-0.12399999999999523
199.063,233686.9985,0.2147568807391685,0.0800000000000125,0.12219999999999231,0.024500000000003297
197.443,411247.9985,-0.33663529360210337,3.538451612903222,4.199142857142855,0.11422222222222128
198.963,147512.0038,0.08563339687440825,3.538451612903222,-0.04927272727273,-0.07709999999999298
201.872,116549.9985,-0.5215959596786116,1.3349999999999995,0.1262499999999953,-0.07499999999999811
203.642,115410.9985,-0.20751180973744232,1.3349999999999995,2.3662222222222247,4.199142857142855
207.983,203544.0058,-3.1040656369734196,-0.029428571428573896,0.06750000000000256,-2.2857142857251995e-4
201.382,167244.0022,1.0837230289099617,2.3662222222222247,-0.029428571428573896,0.06750000000000256
203.652,128629.9974,-0.03302061532559344,1.7903399999999998,-0.12399999999999523,0.08999999999997499
211.272,215253.9939,-0.3471047652668619,-0.0466315789473652,-0.017799999999994043,-0.04599999999999227
211.952,178984.9997,-0.3471047652668619,-0.04599999999999227,0.12219999999999231,-0.049000000000006594
207.941,171563.9979,-0.5844127896668653,1.3349999999999995,-0.08840000000000714,-0.058200000000005046
213.012,2747751.9512,0.07167410132149604,1.7903399999999998,1.8219333333333338,0.09142857142857354
213.132,1714087.9631,-0.20751180973734315,3.538451612903222,4.199142857142855,0.11422222222222128
219.792,1517549.9916,1.1884177455570513,3.538451612903222,4.199142857142855,0.05666666666665776
219.132,1189730.0482,-0.10281709309025365,3.538451612903222,-0.04927272727273,-0.07709999999999298
221.872,1683060.05,0.281063534615675,3.538451612903222,-0.011375000000001023,-0.07709999999999298
218.502,2670399.9043,0.5567596217863605,3.538451612903222,-0.07530434782608693,0.027499999999997728
234.562,1537430.048,0.281063534615675,-0.07530434782608693,0.027499999999997728,-0.09766666666666879
247.852,1646319.9854,-0.5215959596786116,3.538451612903222,-0.07530434782608693,4.199142857142855
248.553,1625679.9698,0.1798586418568384,-0.07530434782608693,0.027499999999997728,-0.09766666666666879
241.882,413870.0068,0.10308251631567249,3.538451612903222,-0.07530434782608693,0.027499999999997728
253.282,1145030.0217,-0.48669772079628154,-0.07831578947368867,-0.029428571428573896,4.279099999999997
262.342,2000168.0851,-1.3591536928553276,3.538451612903222,-0.04927272727273,-0.07709999999999298
280.452,543035.984,-0.31220652638443264,3.538451612903222,-0.07530434782608693,0.027499999999997728
280.492,1360000.0143,-0.03302061532559344,3.538451612903222,-0.07530434782608693,4.199142857142855
299.312,1126620.0542,-0.7658836318551208,0.04416666666666439,2.4287142857142903,-2.2857142857251995e-4
299.052,3184700.0122,1.254724399433657,3.538451612903222,-0.04927272727273,-0.07709999999999298
313.502,1263931.036,-0.5948822613316239,6.090142857142853,-0.07530434782608693,0.04416666666666439
313.922,727088.9878,-0.10630691697840731,1.0443725490196079,0.04416666666666439,-2.2857142857251995e-4
319.612,3452500.1049,-0.3505945891549164,2.3662222222222247,-0.029428571428573896,0.06750000000000256
294.782,3703720.0928,1.9212807620866776,0.08999999999997499,0.0504285714285686,-0.05366666666665765
284.112,3123323.9174,-0.8740681723904631,1.3349999999999995,2.4287142857142903,0.09449999999999648
273.692,4950815.2008,5.477411304199369,2.3662222222222247,0.06750000000000256,-0.023000000000003715
257.052,1108103.0369,1.6420948510278384,4.199142857142855,-0.029428571428573896,0.08999999999997499
248.072,1872499.9428,0.24267547184509208,2.3662222222222247,-0.029428571428573896,0.025083333333337048
251.903,6039999.9619,-1.146274435672995,2.3662222222222247,-0.08799999999999955,-0.029428571428573896
283.963,4304999.8283,-0.17261357085491386,4.199142857142855,0.039500000000003865,0.07387500000000102
285.202,4829999.9237,2.1969768492573634,1.0443725490196079,-0.009600000000000363,0.04416666666666439
283.493,6082499.9809,2.308651213680859,1.0443725490196079,-0.009600000000000363,0.04416666666666439
280.953,6587500.0954,2.06436354150435,-0.07709999999999298,-2.2857142857251995e-4,7.531333333333332
280.282,3313222.8851,-1.9873219927378645,0.07300000000000119,0.17700000000000196,0.09014285714285718
